"","X_km","Y_km","Conc"
"1",496.91,5443.274,1165
"2",496.91,5443.324,1154
"3",496.86,5443.274,936
"4",496.91,5443.224,965
"5",496.86,5443.324,1087
"6",496.86,5443.224,748
"7",496.91,5443.374,1081
"8",496.96,5443.274,1058
"9",496.96,5443.324,1061
"10",496.96,5443.224,968
"11",496.96,5443.374,1031
"12",496.86,5443.374,1040
"13",496.91,5443.174,755
"14",496.91,5443.424,1019
"15",496.86,5443.174,631
"16",496.96,5443.424,997
"17",496.96,5443.174,842
"18",496.86,5443.424,947
"19",497.01,5443.274,975
"20",496.81,5443.274,691
"21",497.01,5443.324,990
"22",496.81,5443.224,626
"23",497.01,5443.224,898
"24",497.01,5443.374,981
"25",496.81,5443.324,841
"26",496.91,5443.124,583
"27",496.86,5443.124,538
"28",496.81,5443.174,564
"29",496.81,5443.374,890
"30",497.01,5443.174,803
"31",496.96,5443.124,593
"32",496.81,5443.424,892
"33",497.01,5443.424,925
"34",497.06,5443.274,910
"35",496.91,5443.474,797
"36",496.81,5443.124,463
"37",496.96,5443.474,852
"38",497.06,5443.324,902
"39",496.76,5443.324,649
"40",496.76,5443.274,607
"41",496.76,5443.374,718
"42",497.06,5443.224,793
"43",496.76,5443.224,556
"44",497.06,5443.374,894
"45",496.76,5443.174,511
"46",496.86,5443.474,667
"47",497.01,5443.474,825
"48",497.06,5443.424,871
"49",496.86,5443.074,361
"50",496.76,5443.124,429
"51",496.81,5443.074,350
"52",497.01,5443.124,440
"53",497.06,5443.174,537
"54",496.91,5443.074,359
"55",497.11,5443.324,806
"56",497.11,5443.274,753
"57",496.76,5443.424,558
"58",497.11,5443.374,833
"59",496.81,5443.474,510
"60",497.06,5443.474,806
"61",497.11,5443.224,552
"62",496.76,5443.074,334
"63",496.96,5443.074,315
"64",497.11,5443.424,853
"65",496.96,5443.524,585
"66",496.91,5443.524,521
"67",497.11,5443.474,784
"68",497.16,5443.374,767
"69",497.16,5443.324,698
"70",497.06,5443.124,337
"71",497.01,5443.524,615
"72",497.16,5443.424,778
"73",497.16,5443.274,543
"74",497.11,5443.174,377
"75",496.86,5443.524,429
"76",496.76,5443.474,427
"77",497.01,5443.074,263
"78",497.06,5443.524,641
"79",497.21,5443.374,592
"80",497.16,5443.474,698
"81",497.16,5443.224,400
"82",497.21,5443.324,489
"83",496.81,5443.524,373
"84",497.11,5443.524,629
"85",497.21,5443.274,396
"86",497.21,5443.424,614
"87",496.86,5443.024,211
"88",496.76,5443.024,200
"89",496.81,5443.024,196
"90",496.76,5443.524,312
"91",497.16,5443.174,298
"92",497.11,5443.124,258
"93",496.91,5443.024,198
"94",496.91,5443.574,368
"95",496.96,5443.574,399
"96",497.21,5443.224,302
"97",496.86,5443.574,326
"98",497.01,5443.574,417
"99",497.21,5443.474,547
"100",497.06,5443.074,213
"101",496.81,5443.574,300
"102",497.16,5443.524,543
"103",496.512,5443.241,221
"104",497.06,5443.574,438
"105",496.76,5443.574,266
"106",497.26,5443.374,384
"107",496.96,5443.024,166
"108",497.26,5443.424,409
"109",497.16,5443.124,202
"110",497.26,5443.324,337
"111",497.21,5443.524,448
"112",497.11,5443.074,173
"113",497.21,5443.174,230
"114",497.11,5443.574,431
"115",497.01,5443.024,156
"116",497.26,5443.474,378
"117",496.91,5443.624,288
"118",497.26,5443.274,277
"119",497.16,5443.574,417
"120",496.86,5443.624,274
"121",496.96,5443.624,308
"122",496.81,5443.624,254
"123",497.01,5443.624,330
"124",497.21,5443.574,366
"125",497.26,5443.224,227
"126",497.06,5443.624,331
"127",497.26,5443.524,366
"128",497.06,5443.024,131
"129",496.76,5443.624,232
"130",497.11,5443.624,333
"131",496.512,5443.483,192
"132",497.31,5443.374,257
"133",497.31,5443.324,238
"134",497.16,5443.624,330
"135",497.31,5443.424,281
"136",497.31,5443.224,203
"137",497.31,5443.474,293
"138",496.91,5443.674,236
"139",496.86,5443.674,222
"140",496.96,5443.674,254
"141",497.16,5443.074,152
"142",497.26,5443.574,333
"143",497.31,5443.274,204
"144",497.26,5443.174,187
"145",497.01,5443.674,261
"146",496.81,5443.674,210
"147",497.31,5443.524,298
"148",496.86,5442.974,119
"149",496.91,5442.974,121
"150",497.21,5443.124,179
"151",497.21,5443.624,298
"152",496.76,5443.674,198
"153",497.06,5443.674,268
"154",497.319,5443.2,173
"155",497.848,5443.087,11
"156",497.292,5443.171,181
"157",497.832,5443.099,12
"158",497.306,5443.185,176
"159",497.11,5443.674,265
"160",496.96,5442.974,117
"161",497.279,5443.156,178
"162",496.81,5442.974,121
"163",497.265,5443.141,183
"164",497.252,5443.126,182
"165",497.31,5443.574,297
"166",497.816,5443.112,13
"167",497.239,5443.111,171
"168",497.333,5443.215,166
"169",497.16,5443.674,239
"170",497.26,5443.624,287
"171",497.11,5443.024,117
"172",496.86,5443.724,181
"173",496.91,5443.724,194
"174",497.36,5443.474,235
"175",497.247,5443.105,162
"176",496.96,5443.724,197
"177",497.36,5443.524,243
"178",496.81,5443.724,166
"179",497.864,5443.075,12
"180",497.01,5443.724,197
"181",497.21,5443.074,156
"182",497.346,5443.23,154
"183",497.36,5443.424,205
"184",497.01,5442.974,114
"185",497.81,5443.124,10
"186",497.31,5443.624,248
"187",497.06,5443.724,204
"188",497.21,5443.674,229
"189",496.76,5443.724,144
"190",497.36,5443.574,238
"191",497.8,5443.124,15
"192",496.76,5442.974,120
"193",497.36,5443.374,187
"194",497.359,5443.245,143
"195",497.36,5443.324,152
"196",497.262,5443.093,138
"197",497.26,5443.674,240
"198",497.11,5443.724,186
"199",497.88,5443.063,12
"200",497.36,5443.274,123
"201",497.373,5443.26,131
"202",497.36,5443.624,210
"203",497.16,5443.024,131
"204",497.86,5443.124,8
"205",496.91,5443.774,144
"206",497.31,5443.674,210
"207",497.41,5443.524,186
"208",497.485,5442.98,14
"209",497.16,5443.724,185
"210",496.86,5443.774,135
"211",497.41,5443.474,183
"212",496.96,5443.774,150
"213",497.387,5443.274,120
"214",496.512,5442.999,111
"215",497.26,5443.074,123
"216",496.81,5443.774,121
"217",497.41,5443.424,157
"218",497.41,5443.574,192
"219",497.21,5443.724,184
"220",497.01,5443.774,148
"221",497.278,5443.081,113
"222",496.76,5443.774,110
"223",497.26,5443.724,183
"224",497.401,5443.288,116
"225",497.36,5443.674,183
"226",497.06,5442.974,97
"227",497.06,5443.774,144
"228",497.41,5443.374,129
"229",497.41,5443.324,128
"230",497.41,5443.624,177
"231",497.895,5443.051,12
"232",497.416,5443.302,113
"233",497.21,5443.024,106
"234",497.91,5443.074,11
"235",497.31,5443.724,171
"236",497.429,5443.316,113
"237",497.11,5443.774,146
"238",497.294,5443.069,93
"239",497.41,5443.674,164
"240",497.16,5443.774,138
"241",497.442,5443.332,110
"242",497.46,5443.624,150
"243",497.46,5443.574,156
"244",497.36,5443.724,168
"245",496.265,5443.241,59
"246",497.21,5443.774,144
"247",497.46,5443.524,146
"248",497.454,5443.347,109
"249",497.46,5443.474,132
"250",497.784,5443.136,14
"251",497.26,5443.774,151
"252",497.46,5443.374,117
"253",497.911,5443.038,11
"254",497.46,5443.674,148
"255",497.16,5442.974,88
"256",497.46,5443.424,114
"257",497.26,5443.024,82
"258",497.11,5442.974,85
"259",497.41,5443.724,153
"260",497.468,5443.362,106
"261",496.512,5443.724,73
"262",497.31,5443.057,69
"263",496.86,5443.824,89
"264",496.91,5443.824,100
"265",497.01,5443.824,108
"266",496.96,5443.824,105
"267",497.31,5443.774,149
"268",497.91,5443.124,5
"269",496.76,5443.824,93
"270",497.479,5443.371,102
"271",497.501,5442.968,13
"272",497.51,5443.624,128
"273",496.81,5443.824,86
"274",497.06,5443.824,105
"275",497.483,5443.368,97
"276",497.46,5443.724,136
"277",497.16,5443.824,113
"278",497.51,5443.574,124
"279",497.51,5443.674,125
"280",497.11,5443.824,105
"281",497.36,5443.774,136
"282",497.21,5442.974,74
"283",497.51,5443.524,111
"284",496.265,5443.483,51
"285",497.499,5443.356,78
"286",497.41,5443.774,121
"287",497.21,5443.824,119
"288",497.469,5442.993,19
"289",497.326,5443.045,57
"290",497.51,5443.374,82
"291",496.81,5443.874,72
"292",496.265,5442.999,50
"293",497.51,5443.474,99
"294",496.76,5443.874,61
"295",496.86,5443.874,77
"296",497.51,5443.724,124
"297",497.31,5443.024,56
"298",497.46,5443.774,122
"299",497.927,5443.026,11
"300",497.26,5443.824,122
"301",497.51,5443.424,81
"302",497.515,5443.343,64
"303",497.93,5443.024,11
"304",497.31,5443.824,124
"305",497.01,5442.924,74
"306",497.56,5443.624,105
"307",497.11,5442.924,80
"308",497.56,5443.674,104
"309",496.96,5442.924,85
"310",497.51,5443.774,119
"311",496.91,5443.874,73
"312",497.36,5443.824,106
"313",496.96,5443.874,72
"314",497.56,5443.574,100
"315",497.531,5443.331,51
"316",497.01,5443.874,76
"317",497.06,5442.924,69
"318",497.06,5443.874,76
"319",497.56,5443.424,72
"320",497.56,5443.374,50
"321",496.91,5442.924,90
"322",497.93,5443.016,10
"323",497.26,5442.974,51
"324",497.56,5443.724,105
"325",497.41,5443.824,104
"326",497.343,5443.034,41
"327",497.11,5443.874,77
"328",497.56,5443.524,97
"329",497.547,5443.319,41
"330",497.16,5443.874,85
"331",497.924,5443.011,11
"332",497.21,5443.874,96
"333",497.56,5443.774,97
"334",497.16,5442.924,65
"335",497.96,5443.074,7
"336",497.46,5443.824,95
"337",497.56,5443.474,75
"338",497.56,5443.324,39
"339",496.86,5442.924,97
"340",497.563,5443.307,37
"341",497.51,5443.824,89
"342",497.61,5443.624,84
"343",497.61,5443.674,85
"344",497.26,5443.874,98
"345",497.205,5442.927,50
"346",497.517,5442.956,12
"347",497.21,5442.924,50
"348",497.61,5443.774,83
"349",497.31,5443.874,94
"350",497.61,5443.724,85
"351",497.61,5443.574,85
"352",497.908,5442.999,11
"353",497.96,5443.024,7
"354",497.56,5443.824,87
"355",497.36,5443.874,83
"356",497.41,5443.874,84
"357",497.36,5443.024,35
"358",496.81,5442.924,95
"359",497.86,5443.174,6
"360",497.61,5443.424,51
"361",497.61,5443.474,67
"362",497.46,5443.874,82
"363",497.61,5443.824,75
"364",497.31,5442.974,39
"365",497.61,5443.524,70
"366",497.06,5442.874,65
"367",497.61,5443.374,37
"368",497.578,5443.295,29
"369",497.51,5443.874,83
"370",497.96,5443.124,2
"371",496.76,5442.924,98
"372",497.66,5443.724,73
"373",497.66,5443.674,70
"374",497.11,5442.874,53
"375",497.66,5443.624,71
"376",497.66,5443.774,73
"377",497.26,5442.924,33
"378",497.456,5442.984,19
"379",497.01,5442.874,58
"380",497.56,5443.874,73
"381",497.61,5443.324,27
"382",496.96,5442.874,66
"383",497.892,5442.987,10
"384",497.377,5443.013,29
"385",497.61,5443.874,66
"386",497.66,5443.824,69
"387",497.66,5443.574,66
"388",497.797,5442.913,12
"389",497.16,5442.874,42
"390",497.465,5442.996,21
"391",497.91,5443.174,3
"392",497.46,5442.974,17
"393",497.71,5443.674,56
"394",497.71,5443.724,61
"395",496.91,5442.874,73
"396",497.71,5443.774,63
"397",497.594,5443.282,24
"398",497.66,5443.474,49
"399",497.66,5443.524,53
"400",497.51,5442.924,14
"401",497.813,5442.925,11
"402",497.71,5443.624,55
"403",497.66,5443.874,62
"404",497.782,5442.9,11
"405",497.71,5443.824,61
"406",497.393,5443.002,28
"407",497.36,5442.974,28
"408",497.66,5443.424,37
"409",497.766,5442.888,12
"410",496.86,5442.874,80
"411",497.66,5443.374,27
"412",497.532,5442.944,13
"413",497.76,5443.724,49
"414",497.61,5443.274,18
"415",497.21,5442.874,30
"416",497.71,5443.574,49
"417",497.31,5442.924,30
"418",497.61,5443.27,17
"419",497.71,5443.874,56
"420",497.76,5443.674,46
"421",497.76,5443.774,49
"422",497.876,5442.974,8
"423",497.829,5442.937,12
"424",497.41,5442.991,25
"425",497.76,5443.824,52
"426",497.71,5443.524,39
"427",496.81,5442.874,83
"428",497.06,5442.824,47
"429",496.018,5442.999,13
"430",497.845,5442.95,10
"431",497.91,5442.974,9
"432",497.86,5442.962,9
"433",497.76,5443.624,37
"434",497.71,5443.474,37
"435",496.265,5443.724,4
"436",497.66,5443.324,20
"437",496.76,5442.874,80
"438",497.76,5443.874,52
"439",497.75,5442.876,13
"440",497.11,5442.824,37
"441",497.26,5442.874,19
"442",497.81,5443.724,40
"443",497.41,5442.974,21
"444",497.81,5443.774,43
"445",497.81,5443.824,44
"446",497.427,5442.98,22
"447",497.769,5443.148,10
"448",497.01,5442.824,46
"449",497.626,5443.258,16
"450",497.71,5443.424,24
"451",497.36,5442.924,21
"452",496.96,5442.824,49
"453",497.81,5443.674,34
"454",496.018,5443.241,11
"455",497.76,5442.874,13
"456",497.81,5443.874,44
"457",497.76,5443.574,33
"458",497.735,5442.868,11
"459",496.91,5442.824,55
"460",497.16,5442.824,28
"461",497.81,5443.624,28
"462",497.76,5443.524,27
"463",498.01,5443.074,3
"464",497.444,5442.969,19
"465",497.71,5443.374,18
"466",497.86,5443.774,28
"467",497.86,5443.824,33
"468",497.81,5443.174,6
"469",497.548,5442.932,12
"470",497.932,5443.188,2
"471",497.642,5443.246,12
"472",497.86,5443.874,35
"473",497.66,5443.274,14
"474",497.76,5443.474,22
"475",497.86,5443.724,26
"476",497.31,5442.874,17
"477",496.86,5442.824,61
"478",497.56,5442.874,11
"479",498.01,5443.024,5
"480",497.86,5443.674,23
"481",497.81,5443.574,24
"482",497.96,5443.174,2
"483",497.21,5442.824,14
"484",497.41,5442.924,17
"485",497.269,5442.844,13
"486",497.71,5443.324,13
"487",496.81,5442.824,62
"488",497.91,5443.824,23
"489",497.564,5442.919,11
"490",497.91,5443.774,22
"491",497.91,5443.874,24
"492",496.512,5443.966,1
"493",497.96,5442.974,5
"494",497.86,5443.624,20
"495",497.76,5443.424,16
"496",497.658,5443.234,8
"497",497.58,5442.907,12
"498",497.36,5442.874,14
"499",496.76,5442.824,65
"500",497.753,5443.16,8
"501",497.01,5442.774,37
"502",497.91,5443.724,19
"503",497.26,5442.824,9
"504",497.612,5442.883,13
"505",497.81,5443.524,16
"506",497.723,5442.855,10
"507",497.06,5442.774,29
"508",497.86,5442.924,9
"509",497.91,5443.674,15
"510",497.674,5443.221,9
"511",497.96,5443.824,19
"512",497.96,5443.874,17
"513",497.81,5443.474,14
"514",497.86,5443.574,16
"515",498.01,5443.124,2
"516",497.643,5442.858,11
"517",497.596,5442.895,13
"518",496.673,5444.035,2
"519",497.76,5443.374,11
"520",497.91,5443.624,12
"521",496.265,5442.758,23
"522",497.11,5442.774,20
"523",497.96,5443.774,17
"524",497.628,5442.871,11
"525",497.737,5443.173,8
"526",496.96,5442.774,32
"527",497.86,5443.524,13
"528",497.689,5443.209,10
"529",497.91,5443.574,13
"530",497.46,5442.924,14
"531",497.71,5443.274,9
"532",497.81,5442.874,10
"533",497.96,5443.724,12
"534",496.91,5442.774,37
"535",497.31,5442.824,7
"536",497.41,5442.874,15
"537",497.659,5442.846,11
"538",496.86,5442.774,44
"539",497.707,5442.843,8
"540",497.61,5442.874,12
"541",497.243,5444.121,13
"542",497.76,5443.174,8
"543",497.81,5443.424,11
"544",496.018,5442.758,11
"545",497.705,5443.197,10
"546",496.76,5442.774,44
"547",497.16,5442.774,12
"548",497.96,5443.674,10
"549",498.01,5443.874,12
"550",496.81,5442.774,46
"551",498.01,5443.824,13
"552",497.721,5443.185,9
"553",497.71,5443.224,8
"554",497.21,5442.774,8
"555",497.485,5444.121,17
"556",497.318,5442.812,7
"557",496.018,5443.483,2
"558",497.36,5442.824,8
"559",498.01,5443.774,10
"560",497.675,5442.834,10
"561",497.26,5442.774,5
"562",497.96,5443.624,9
"563",496.512,5442.758,42
"564",498.029,5443.094,2
"565",497.91,5443.524,8
"566",498.01,5443.724,8
"567",496.96,5442.724,28
"568",497.001,5444.121,3
"569",497.691,5442.831,10
"570",497.46,5442.874,15
"571",498.06,5443.874,7
"572",497.76,5443.324,10
"573",497.96,5443.574,6
"574",497.01,5442.724,23
"575",497.86,5443.474,7
"576",497.726,5444.121,18
"577",497.06,5442.724,19
"578",497.11,5442.724,12
"579",498.06,5443.824,7
"580",497.81,5443.374,7
"581",498.01,5443.674,8
"582",496.86,5442.724,28
"583",496.81,5442.724,32
"584",496.91,5442.724,22
"585",497.31,5442.774,5
"586",496.76,5442.724,33
"587",498.06,5443.774,7
"588",497.16,5442.724,8
"589",497.41,5442.824,12
"590",497.76,5443.274,5
"591",497.51,5442.874,13
"592",498.11,5443.874,6
"593",497.685,5442.826,9
"594",497.86,5443.424,8
"595",497.21,5442.724,3
"596",497.71,5442.824,9
"597",498.01,5443.624,5
"598",497.365,5442.785,6
"599",497.66,5442.824,11
"600",495.771,5442.999,0
"601",497.91,5443.474,5
"602",498.11,5443.824,6
"603",497.76,5443.224,6
"604",497.96,5443.524,5
"605",498.06,5443.674,7
"606",498.01,5442.974,5
"607",498.06,5443.724,7
"608",497.91,5442.924,6
"609",497.36,5442.774,6
"610",497.46,5442.824,13
"611",496.96,5442.674,17
"612",497.26,5442.724,3
"613",498.01,5443.574,4
"614",497.76,5442.824,10
"615",497.86,5442.874,9
"616",498.11,5443.774,7
"617",498.16,5443.874,4
"618",497.01,5442.674,15
"619",496.81,5442.674,24
"620",496.86,5442.674,18
"621",497.06,5442.674,10
"622",497.81,5443.324,4
"623",496.76,5444.121,0
"624",496.76,5442.674,28
"625",497.61,5442.824,10
"626",497.509,5442.837,11
"627",496.91,5442.674,15
"628",497.968,5444.121,4
"629",498.16,5443.824,5
"630",497.51,5442.824,11
"631",497.31,5442.724,2
"632",498.11,5443.724,5
"633",497.832,5443.325,4
"634",497.11,5442.674,5
"635",497.81,5443.224,5
"636",497.81,5443.274,3
"637",497.86,5443.374,5
"638",498.21,5443.874,4
"639",497.41,5442.774,7
"640",497.86,5443.224,3
"641",497.16,5442.674,5
"642",497.21,5442.674,2
"643",496.018,5443.724,0
"644",497.91,5443.224,1
"645",495.771,5442.758,1
"646",498.06,5443.624,4
"647",496.76,5442.624,18
"648",497.36,5442.724,1
"649",497.91,5443.424,3
"650",498.16,5443.774,5
"651",498.11,5443.674,5
"652",498.21,5444.121,2
"653",496.86,5442.624,12
"654",497.46,5442.774,7
"655",496.81,5442.624,13
"656",496.96,5442.624,11
"657",497.96,5443.474,3
"658",498.06,5443.024,4
"659",498.21,5443.824,4
"660",498.01,5443.524,3
"661",497.81,5442.824,10
"662",498.26,5443.874,5
"663",496.265,5443.966,0
"664",497.26,5442.674,2
"665",498.16,5443.724,5
"666",497.56,5442.824,6
"667",498.06,5443.574,3
"668",497.01,5442.624,8
"669",497.86,5443.324,3
"670",496.91,5442.624,10
"671",497.06,5442.624,5
"672",497.86,5443.274,2
"673",497.86,5442.824,11
"674",498.21,5443.774,3
"675",497.31,5442.674,2
"676",496.91,5442.574,9
"677",497.11,5442.624,3
"678",497.41,5442.724,1
"679",497.51,5442.774,7
"680",497.16,5442.624,3
"681",498.06,5443.074,1
"682",496.81,5442.574,9
"683",496.96,5442.574,9
"684",497.71,5442.774,9
"685",498.26,5443.824,3
"686",496.76,5442.574,12
"687",497.96,5442.924,4
"688",497.81,5442.774,8
"689",497.91,5443.374,4
"690",498.11,5443.624,2
"691",497.76,5442.774,8
"692",497.011,5444.228,0
"693",497.96,5443.224,1
"694",498.16,5443.674,4
"695",497.977,5442.929,3
"696",497.36,5442.674,1
"697",498.01,5443.174,2
"698",496.86,5442.574,9
"699",497.56,5442.774,6
"700",497.91,5443.324,2
"701",497.66,5442.774,10
"702",497.91,5442.874,6
"703",497.01,5442.574,5
"704",497.21,5442.624,2
"705",497.91,5443.274,1
"706",498.21,5443.724,4
"707",498.31,5443.874,1
"708",497.61,5442.774,7
"709",495.771,5443.241,0
"710",497.86,5442.774,8
"711",498.26,5443.774,4
"712",497.06,5442.574,3
"713",497.96,5443.424,3
"714",497.852,5442.751,7
"715",497.46,5442.724,5
"716",498.06,5443.524,2
"717",496.265,5442.516,14
"718",498.11,5443.574,2
"719",498.01,5443.474,3
"720",496.018,5442.516,11
"721",498.31,5443.824,2
"722",497.26,5442.624,2
"723",497.11,5442.574,3
"724",497.81,5442.724,7
"725",497.91,5442.824,10
"726",497.86,5442.724,7
"727",496.76,5442.524,10
"728",496.512,5442.516,15
"729",498.01,5442.924,3
"730",496.86,5442.524,9
"731",498.06,5443.124,1
"732",497.16,5442.574,2
"733",497.91,5442.774,9
"734",496.81,5442.524,9
"735",496.91,5442.524,8
"736",496.96,5442.524,7
"737",497.96,5443.274,1
"738",497.71,5442.724,6
"739",498.06,5442.974,4
"740",497.41,5442.674,0
"741",497.66,5442.724,6
"742",497.76,5442.724,7
"743",497.31,5442.624,2
"744",497.51,5442.724,6
"745",497.56,5442.724,6
"746",498.16,5443.624,2
"747",498.26,5443.724,2
"748",498.36,5443.874,1
"749",497.726,5444.368,2
"750",497.01,5442.524,4
"751",497.96,5443.324,2
"752",497.91,5442.724,8
"753",498.21,5443.674,2
"754",498.31,5443.774,1
"755",497.96,5442.874,6
"756",495.771,5442.516,3
"757",497.61,5442.724,7
"758",497.71,5442.674,8
"759",497.96,5442.774,6
"760",497.96,5442.824,5
"761",497.96,5443.374,1
"762",497.76,5442.674,7
"763",498.36,5443.824,1
"764",497.46,5442.674,2
"765",498.01,5442.874,3
"766",498.06,5442.924,2
"767",497.26,5442.574,2
"768",497.86,5442.674,5
"769",496.76,5442.474,7
"770",497.81,5442.674,6
"771",497.21,5442.574,2
"772",497.91,5442.674,6
"773",498.11,5443.024,1
"774",498.01,5442.824,3
"775",498.01,5443.424,1
"776",498.06,5443.474,2
"777",497.66,5442.674,6
"778",498.112,5442.994,2
"779",497.06,5442.524,3
"780",497.36,5442.624,0
"781",497.96,5442.724,6
"782",498.06,5442.874,2
"783",497.11,5442.524,3
"784",498.01,5442.774,3
"785",496.86,5442.474,8
"786",497.96,5442.674,5
"787",498.11,5442.974,2
"788",498.451,5444.121,0
"789",497.61,5442.674,6
"790",496.91,5442.474,7
"791",497.81,5442.624,4
"792",497.91,5442.624,5
"793",498.11,5442.924,2
"794",497.86,5442.624,5
"795",498.01,5443.224,1
"796",498.01,5443.374,1
"797",498.06,5442.824,3
"798",498.11,5442.874,2
"799",498.26,5443.674,1
"800",496.81,5442.474,8
"801",498.11,5443.524,2
"802",497.71,5442.624,6
"803",497.56,5442.674,6
"804",497.96,5442.624,5
"805",498.01,5442.724,4
"806",498.16,5443.574,2
"807",497.16,5442.524,1
"808",498.11,5443.074,1
"809",497.31,5442.574,1
"810",498.01,5442.624,4
"811",497.734,5444.436,1
"812",496.96,5442.474,4
"813",497.86,5442.574,4
"814",498.06,5442.724,3
"815",497.76,5442.624,6
"816",497.91,5442.574,4
"817",498.01,5442.674,5
"818",498.21,5443.624,1
"819",497.968,5444.368,0
"820",498.01,5443.274,1
"821",498.01,5443.324,0
"822",498.11,5442.674,4
"823",498.31,5443.724,1
"824",497.96,5442.574,3
"825",498.36,5443.774,1
"826",498.06,5442.674,4
"827",498.11,5442.824,1
"828",497.66,5442.624,5
"829",498.06,5442.774,2
"830",498.06,5443.174,0
"831",498.16,5442.974,1
"832",497.41,5442.624,0
"833",498.11,5442.724,3
"834",498.11,5442.774,2
"835",498.11,5443.124,0
"836",497.01,5442.474,3
"837",497.21,5442.524,2
"838",497.51,5442.674,3
"839",498.06,5442.624,3
"840",498.16,5442.924,1
"841",498.16,5443.024,0
"842",497.81,5442.574,5
"843",495.524,5442.758,0
"844",496.76,5442.424,8
"845",496.81,5442.424,8
"846",496.86,5442.424,7
"847",497.96,5442.524,2
"848",498.01,5442.524,2
"849",498.06,5442.574,3
"850",497.91,5442.524,2
"851",498.16,5443.074,0
"852",498.01,5442.574,3
"853",498.06,5443.424,1
"854",498.16,5442.824,0
"855",498.11,5442.624,4
"856",498.06,5443.374,1
"857",498.16,5442.624,3
"858",498.16,5442.674,3
"859",497.485,5444.368,2
"860",497.61,5442.624,5
"861",497.96,5442.474,1
"862",498.16,5442.874,1
"863",496.91,5442.424,5
"864",498.11,5443.474,1
"865",497.76,5442.574,6
"866",498.01,5442.474,2
"867",498.06,5442.524,2
"868",498.21,5442.974,0
"869",495.524,5442.999,0
"870",497.46,5442.624,0
"871",497.71,5442.574,4
"872",498.06,5442.474,1
"873",498.21,5442.924,1
"874",497.06,5442.474,3
"875",497.36,5442.574,0
"876",498.11,5442.574,4
"877",498.16,5442.724,2
"878",498.16,5443.124,0
"879",498.11,5443.174,0
"880",495.771,5443.483,0
"881",497.26,5442.524,1
"882",497.86,5442.524,4
"883",498.06,5443.274,0
"884",498.16,5442.774,1
"885",497.223,5444.347,0
"886",498.06,5443.224,0
"887",498.11,5442.524,3
"888",498.16,5442.574,4
"889",498.16,5443.524,1
"890",497.51,5442.624,3
"891",498.21,5442.674,2
"892",498.21,5442.824,0
"893",497.11,5442.474,1
"894",498.21,5443.024,0
"895",496.018,5442.274,5
"896",497.91,5442.474,3
"897",498.06,5443.324,0
"898",498.21,5442.574,2
"899",496.512,5444.208,0
"900",495.535,5442.548,0
"901",496.81,5442.374,6
"902",497.01,5442.424,3
"903",497.81,5442.524,5
"904",498.01,5442.424,1
"905",498.06,5442.424,0
"906",498.21,5442.874,0
"907",497.56,5442.624,4
"908",497.96,5442.424,1
"909",498.11,5442.474,1
"910",498.21,5442.774,0
"911",497.16,5442.474,1
"912",497.21,5442.474,0
"913",498.11,5442.424,1
"914",498.21,5443.074,0
"915",498.36,5443.724,1
"916",495.771,5442.274,3
"917",497.41,5442.574,0
"918",497.76,5442.524,5
"919",497.86,5442.474,4
"920",498.21,5442.624,3
"921",497.66,5442.574,4
"922",498.21,5443.574,1
"923",495.524,5442.516,1
"924",496.96,5442.424,3
"925",497.31,5442.524,0
"926",498.01,5442.374,1
"927",498.11,5442.374,0
"928",498.16,5442.524,4
"929",498.31,5443.674,1
"930",497.46,5442.574,0
"931",498.11,5443.424,1
"932",498.16,5442.474,3
"933",498.21,5442.524,4
"934",498.21,5442.724,1
"935",496.76,5442.374,7
"936",498.11,5443.224,0
"937",497.91,5442.424,2
"938",498.06,5442.374,1
"939",498.21,5442.474,4
"940",498.26,5442.774,0
"941",497.51,5442.574,0
"942",498.11,5443.274,0
"943",498.26,5442.524,3
"944",497.06,5442.424,2
"945",497.61,5442.574,5
"946",497.71,5442.524,3
"947",497.96,5442.374,1
"948",498.11,5443.324,0
"949",498.16,5443.174,0
"950",498.26,5442.924,0
"951",496.018,5443.966,0
"952",498.21,5443.124,0
"953",498.26,5442.624,1
"954",498.26,5442.824,0
"955",498.26,5442.874,0
"956",498.26,5442.974,0
"957",498.26,5443.024,0
"958",498.26,5443.624,1
"959",497.81,5442.474,4
"960",498.16,5442.374,0
"961",498.16,5442.424,1
"962",498.26,5442.474,2
"963",498.31,5442.774,0
"964",497.76,5442.474,2
"965",498.26,5442.574,2
"966",496.512,5442.274,4
"967",497.26,5442.474,0
"968",497.36,5442.524,0
"969",498.11,5442.324,0
"970",498.16,5442.324,0
"971",498.21,5442.424,2
"972",498.26,5442.674,0
"973",496.265,5442.274,6
"974",498.16,5443.474,1
"975",498.26,5442.424,1
"976",496.86,5442.374,4
"977",497.11,5442.424,1
"978",498.21,5442.374,0
"979",498.26,5442.724,0
"980",497.91,5442.374,3
"981",498.11,5443.374,1
"982",497.243,5444.368,0
"983",497.56,5442.574,2
"984",498.06,5442.324,1
"985",498.21,5442.324,0
"986",498.26,5442.374,0
"987",498.26,5443.074,0
"988",497.81,5442.424,2
"989",498.16,5443.224,0
"990",498.21,5443.524,1
"991",498.31,5442.524,1
"992",496.91,5442.374,3
"993",497.86,5442.424,3
"994",496.96,5442.374,3
"995",497.96,5442.324,1
"996",498.01,5442.324,1
"997",498.21,5442.274,0
"998",498.31,5442.824,0
"999",497.41,5442.524,0
"1000",498.31,5442.474,1
"1001",498.31,5442.624,0
"1002",498.31,5443.024,0
"1003",498.21,5444.368,0
"1004",497.16,5442.424,0
"1005",498.16,5442.274,0
"1006",498.26,5442.324,0
"1007",498.26,5443.574,1
"1008",498.31,5442.724,0
"1009",498.31,5442.974,0
"1010",497.66,5442.524,4
"1011",498.26,5443.124,0
"1012",498.31,5442.574,0
"1013",497.46,5442.524,0
"1014",497.96,5442.274,0
"1015",498.31,5442.674,0
"1016",498.31,5442.924,0
"1017",497.31,5442.474,0
"1018",497.91,5442.324,2
"1019",498.11,5442.274,0
"1020",498.16,5443.424,1
"1021",498.21,5443.174,0
"1022",498.26,5442.274,0
"1023",498.31,5442.374,0
"1024",496.76,5442.324,3
"1025",497.21,5442.424,0
"1026",498.01,5442.274,1
"1027",498.06,5442.274,1
"1028",498.31,5442.424,0
"1029",498.693,5444.121,1
"1030",496.86,5442.324,2
"1031",497.86,5442.374,2
"1032",498.31,5442.874,0
"1033",497.51,5442.524,0
"1034",497.61,5442.524,2
"1035",498.16,5443.324,0
"1036",498.31,5443.624,1
"1037",498.36,5442.474,0
"1038",498.36,5443.674,1
"1039",496.81,5442.324,3
"1040",497.71,5442.474,1
"1041",497.76,5442.424,1
"1042",498.31,5443.074,0
"1043",498.36,5442.724,0
"1044",495.771,5443.724,0
"1045",497.06,5442.374,1
"1046",498.16,5443.274,0
"1047",498.31,5442.324,0
"1048",498.36,5442.674,0
"1049",498.36,5442.774,0
"1050",497.01,5442.374,2
"1051",497.81,5442.374,1
"1052",498.36,5442.524,0
"1053",495.524,5442.274,1
"1054",497.66,5442.474,1
"1055",498.36,5443.024,0
"1056",497.86,5442.324,1
"1057",498.31,5443.124,0
"1058",496.76,5442.274,3
"1059",497.36,5442.474,0
"1060",498.16,5443.374,0
"1061",498.36,5442.574,0
"1062",498.36,5442.624,0
"1063",498.36,5442.824,0
"1064",498.451,5444.368,0
"1065",497.26,5442.424,0
"1066",498.21,5443.224,0
"1067",498.21,5443.274,0
"1068",498.21,5443.474,1
"1069",498.36,5442.924,0
"1070",496.91,5442.324,2
"1071",497.56,5442.524,1
"1072",498.31,5442.274,0
"1073",498.36,5442.424,0
"1074",497.11,5442.374,0
"1075",498.26,5443.174,0
"1076",498.36,5442.324,0
"1077",498.36,5442.374,0
"1078",497.16,5442.374,0
"1079",497.91,5442.274,1
"1080",498.36,5442.874,0
"1081",498.225,5443.254,0
"1082",496.81,5442.274,2
"1083",496.96,5442.324,1
"1084",497.81,5442.324,1
"1085",498.36,5442.974,0
"1086",498.36,5443.074,0
"1087",497.76,5442.374,1
"1088",497.41,5442.474,0
"1089",497.71,5442.424,1
"1090",498.36,5442.274,0
"1091",498.36,5443.124,0
"1092",496.86,5442.274,1
"1093",497.46,5442.474,0
"1094",496.91,5442.274,1
"1095",497.61,5442.474,1
"1096",497.86,5442.274,1
"1097",498.26,5443.524,1
"1098",495.701,5442.027,1
"1099",498.21,5443.324,0
"1100",497.31,5442.424,0
"1101",498.36,5443.624,1
"1102",498.26,5443.224,0
"1103",498.31,5443.574,1
"1104",497.21,5442.374,0
"1105",497.51,5442.474,0
"1106",498.21,5443.424,1
"1107",497.66,5442.424,1
"1108",498.21,5443.374,0
"1109",498.26,5443.274,0
"1110",498.31,5443.174,0
"1111",497.01,5442.324,1
"1112",497.71,5442.374,1
"1113",496.96,5442.274,1
"1114",497.56,5442.474,0
"1115",497.81,5442.274,1
"1116",498.26,5443.324,0
"1117",495.524,5443.241,0
"1118",497.36,5442.424,0
"1119",498.26,5443.474,1
"1120",495.313,5442.392,0
"1121",497.11,5442.324,0
"1122",497.26,5442.374,0
"1123",497.76,5442.324,1
"1124",498.31,5443.224,0
"1125",497.06,5442.324,0
"1126",497.56,5442.424,0
"1127",497.66,5442.374,1
"1128",495.943,5442.027,2
"1129",497.51,5442.424,0
"1130",498.26,5443.374,0
"1131",497.61,5442.424,1
"1132",498.31,5443.274,0
"1133",496.265,5444.208,0
"1134",497.41,5442.424,0
"1135",497.46,5442.424,0
"1136",498.36,5443.174,0
"1137",498.607,5443.874,1
"1138",497.529,5442.414,0
"1139",497.01,5442.274,0
"1140",498.26,5443.424,0
"1141",498.31,5443.524,1
"1142",497.001,5444.368,0
"1143",497.16,5442.324,0
"1144",497.71,5442.324,1
"1145",498.36,5443.574,1
"1146",496.185,5442.027,0
"1147",495.46,5442.027,1
"1148",495.277,5442.274,0
"1149",497.56,5442.374,0
"1150",498.36,5443.224,0
"1151",497.315,5444.44,0
"1152",498.31,5443.324,0
"1153",495.277,5442.516,0
"1154",497.21,5442.324,0
"1155",497.66,5442.324,0
"1156",497.76,5442.274,1
"1157",498.118,5442.027,0
"1158",498.31,5443.474,1
"1159",497.06,5442.274,0
"1160",497.31,5442.374,0
"1161",497.51,5442.374,0
"1162",497.61,5442.374,0
"1163",497.36,5442.374,0
"1164",497.46,5442.374,0
"1165",497.56,5442.324,0
"1166",497.71,5442.274,0
"1167",498.31,5443.424,0
"1168",498.36,5442.027,0
"1169",495.277,5442.758,0
"1170",498.31,5443.374,0
"1171",498.36,5443.274,0
"1172",497.11,5442.274,0
"1173",497.41,5442.374,0
"1174",497.61,5442.324,0
"1175",498.36,5443.524,1
"1176",497.475,5442.36,0
"1177",497.36,5442.324,0
"1178",498.36,5443.324,0
"1179",497.26,5442.324,0
"1180",498.693,5444.368,0
"1181",497.56,5442.274,0
"1182",497.16,5442.274,0
"1183",497.46,5442.324,0
"1184",498.36,5443.374,0
"1185",496.426,5442.027,0
"1186",497.51,5442.324,0
"1187",497.66,5442.274,0
"1188",498.36,5443.424,0
"1189",498.36,5443.474,0
"1190",498.607,5442.666,0
"1191",497.31,5442.324,0
"1192",497.536,5442.292,0
"1193",496.76,5444.368,0
"1194",498.607,5442.424,0
"1195",497.61,5442.274,0
"1196",497.46,5442.274,0
"1197",497.51,5442.274,0
"1198",498.607,5442.908,0
"1199",496.668,5442.027,0
"1200",495.218,5442.027,0
"1201",495.277,5442.999,0
"1202",497.41,5442.324,0
"1203",497.876,5442.027,0
"1204",495.943,5441.78,0
"1205",495.524,5443.483,0
"1206",497.21,5442.274,0
"1207",497.31,5442.274,0
"1208",498.607,5442.183,0
"1209",497.26,5442.274,0
"1210",497.36,5442.274,0
"1211",497.41,5442.274,0
"1212",495.771,5443.966,0
"1213",498.36,5441.78,0
"1214",495.46,5441.78,0
"1215",498.607,5441.941,0
"1216",495.701,5441.78,0
"1217",498.935,5444.368,0
"1218",495.218,5441.78,0
"1219",494.976,5442.027,0
"1220",498.607,5443.149,0
"1221",497.635,5442.027,0
"1222",498.118,5441.78,0
"1223",498.935,5444.121,1
"1224",496.185,5441.78,0
"1225",495.028,5442.834,0
"1226",498.607,5441.699,0
"1227",495.03,5442.516,0
"1228",497.968,5444.615,0
"1229",495.03,5442.758,0
"1230",498.607,5443.633,0
"1231",496.91,5442.027,0
"1232",494.976,5441.78,0
"1233",496.512,5444.449,0
"1234",496.018,5444.208,0
"1235",494.985,5442.909,0
"1236",498.854,5442.424,0
"1237",495.277,5443.241,1
"1238",495.03,5442.274,0
"1239",498.854,5442.666,0
"1240",498.854,5441.941,0
"1241",497.393,5442.027,0
"1242",494.976,5441.533,0
"1243",497.726,5444.615,0
"1244",496.426,5441.78,0
"1245",497.876,5441.78,0
"1246",495.701,5441.533,0
"1247",495.218,5441.533,0
"1248",495.03,5442.999,0
"1249",498.854,5443.874,0
"1250",498.854,5442.183,0
"1251",495.943,5441.533,0
"1252",498.36,5441.533,0
"1253",495.524,5443.724,0
"1254",498.854,5443.149,0
"1255",495.46,5441.533,0
"1256",497.635,5441.78,0
"1257",497.485,5444.615,0
"1258",498.607,5443.391,0
"1259",498.607,5441.458,0
"1260",498.854,5442.908,0
"1261",497.151,5442.027,0
"1262",495.277,5443.483,0
"1263",498.21,5444.615,0
"1264",498.854,5441.699,0
"1265",494.735,5441.78,0
"1266",498.118,5441.533,0
"1267",494.783,5442.758,0
"1268",494.98,5443.055,0
"1269",499.101,5441.699,0
"1270",494.735,5441.533,0
"1271",495.771,5444.208,0
"1272",498.451,5444.615,0
"1273",498.854,5441.458,0
"1274",494.735,5442.027,0
"1275",495.03,5443.241,0
"1276",494.783,5442.516,0
"1277",498.693,5444.615,0
"1278",499.176,5444.368,0
"1279",494.735,5441.286,0
"1280",496.265,5444.449,0
"1281",499.101,5442.424,0
"1282",499.101,5442.183,0
"1283",494.976,5441.286,0
"1284",494.493,5441.286,0
"1285",498.935,5444.615,0
"1286",498.607,5441.216,0
"1287",498.854,5443.633,0
"1288",498.854,5441.216,0
"1289",499.101,5442.666,0
"1290",499.101,5441.941,0
"1291",498.36,5441.286,0
"1292",497.876,5441.533,0
"1293",496.668,5441.78,0
"1294",495.218,5441.286,0
"1295",495.524,5443.966,0
"1296",495.03,5443.483,0
"1297",494.783,5442.274,0
"1298",494.783,5442.999,0
"1299",499.176,5444.121,0
"1300",498.118,5441.286,0
"1301",497.393,5441.78,0
"1302",496.185,5441.533,0
"1303",495.46,5441.286,0
"1304",495.277,5443.724,0
"1305",495.03,5443.724,0
"1306",497.393,5441.533,0
"1307",494.493,5441.78,0
"1308",494.493,5441.533,0
"1309",494.891,5443.274,0
"1310",497.243,5444.615,0
"1311",498.854,5443.391,0
"1312",499.101,5443.874,0
"1313",499.101,5442.908,0
"1314",499.348,5441.699,0
"1315",497.151,5441.78,0
"1316",496.512,5444.691,0
"1317",494.536,5442.516,0
"1318",496.76,5444.615,0
"1319",498.607,5440.974,0
"1320",499.101,5443.149,0
"1321",499.348,5441.458,0
"1322",497.635,5441.533,0
"1323",496.91,5441.78,0
"1324",499.101,5441.216,0
"1325",499.348,5442.183,0
"1326",494.493,5441.039,0
"1327",494.251,5441.039,0
"1328",496.018,5444.449,0
"1329",499.418,5444.368,0
"1330",499.101,5441.458,0
"1331",499.101,5440.974,0
"1332",499.595,5441.458,0
"1333",495.701,5441.286,0
"1334",494.251,5441.286,0
"1335",496.265,5444.691,0
"1336",496.018,5444.691,0
"1337",494.783,5443.483,0
"1338",499.348,5441.941,0
"1339",499.595,5441.216,0
"1340",497.876,5441.286,0
"1341",495.218,5441.039,0
"1342",494.976,5441.039,0
"1343",494.735,5441.039,0
"1344",496.265,5444.933,0
"1345",494.536,5442.274,0
"1346",499.176,5444.615,0
"1347",499.101,5443.633,0
"1348",499.348,5442.666,0
"1349",499.348,5441.216,0
"1350",499.595,5441.941,0
"1351",499.595,5441.699,0
"1352",499.842,5441.216,0
"1353",498.36,5441.039,0
"1354",496.426,5441.533,0
"1355",494.251,5441.533,0
"1356",495.524,5444.208,0
"1357",495.03,5443.966,0
"1358",494.783,5443.241,0
"1359",494.783,5443.966,0
"1360",494.783,5444.208,0
"1361",494.536,5442.999,0
"1362",496.246,5441.494,0
"1363",494.925,5444.178,0
"1364",494.921,5444.253,0
"1365",496.76,5444.862,0
"1366",499.418,5444.121,0
"1367",498.854,5440.974,0
"1368",499.348,5442.424,0
"1369",499.595,5440.974,0
"1370",499.842,5441.941,0
"1371",499.842,5441.458,0
"1372",499.842,5440.974,0
"1373",498.118,5441.039,0
"1374",497.635,5441.286,0
"1375",497.151,5441.533,0
"1376",495.46,5441.039,0
"1377",494.735,5440.792,0
"1378",496.512,5444.933,0
"1379",495.277,5443.966,0
"1380",495.03,5444.208,0
"1381",494.783,5443.724,0
"1382",494.783,5444.449,0
"1383",494.536,5442.758,0
"1384",494.289,5442.516,0
"1385",497.001,5444.615,0
"1386",497.485,5444.862,0
"1387",497.726,5444.862,0
"1388",499.66,5444.368,0
"1389",499.101,5443.391,0
"1390",499.101,5440.733,0
"1391",499.348,5443.874,0
"1392",499.348,5443.149,0
"1393",499.348,5442.908,0
"1394",499.348,5440.974,0
"1395",499.348,5440.733,0
"1396",499.595,5440.733,0
"1397",499.595,5440.491,0
"1398",499.595,5440.249,0
"1399",499.842,5440.733,0
"1400",499.842,5440.491,0
"1401",497.876,5441.039,0
"1402",497.635,5441.039,0
"1403",497.393,5441.286,0
"1404",496.91,5441.533,0
"1405",495.943,5441.286,0
"1406",494.493,5442.027,0
"1407",494.251,5440.792,0
"1408",494.783,5444.691,0
"1409",494.289,5442.274,0
"1410",494.289,5442.758,0
"1411",494.289,5442.999,0
"1412",494.042,5442.274,0
"1413",497.001,5444.862,0
"1414",497.968,5444.862,0
"1415",499.418,5444.615,0
"1416",499.66,5444.121,0
"1417",499.66,5444.615,0
"1418",498.607,5440.733,0
"1419",498.854,5440.733,0
"1420",499.348,5440.491,0
"1421",499.348,5440.249,0
"1422",499.595,5442.424,0
"1423",499.595,5442.183,0
"1424",499.595,5440.008,0
"1425",499.842,5441.699,0
"1426",499.842,5440.249,0
"1427",499.842,5440.008,0
"1428",498.36,5440.792,0
"1429",498.118,5440.792,0
"1430",497.635,5440.792,0
"1431",496.426,5441.286,0
"1432",495.701,5441.039,0
"1433",494.976,5440.792,0
"1434",494.493,5440.792,0
"1435",494.251,5442.027,0
"1436",494.251,5441.78,0
"1437",494.01,5441.286,0
"1438",494.01,5441.039,0
"1439",494.01,5440.792,0
"1440",493.768,5441.039,0
"1441",496.018,5444.933,0
"1442",495.277,5444.449,0
"1443",494.536,5443.241,0
"1444",494.536,5443.483,0
"1445",494.536,5443.966,0
"1446",494.536,5444.449,0
"1447",496.433,5441.247,0
"1448",497.243,5444.862,0
"1449",498.21,5444.862,0
"1450",498.935,5444.862,0
"1451",499.901,5444.368,0
"1452",499.901,5444.615,0
"1453",498.607,5440.491,0
"1454",498.607,5440.249,0
"1455",498.607,5440.008,0
"1456",498.854,5440.249,0
"1457",498.854,5440.008,0
"1458",499.101,5440.491,0
"1459",499.348,5443.391,0
"1460",499.595,5442.666,0
"1461",499.842,5442.666,0
"1462",498.36,5440.545,0
"1463",498.36,5440.298,0
"1464",497.876,5440.792,0
"1465",497.151,5441.286,0
"1466",496.91,5441.286,0
"1467",496.668,5441.533,0
"1468",495.218,5440.792,0
"1469",494.251,5440.545,0
"1470",494.01,5442.027,0
"1471",494.01,5440.545,0
"1472",494.01,5440.298,0
"1473",493.768,5440.051,0
"1474",493.526,5442.027,0
"1475",495.771,5444.933,0
"1476",495.524,5444.449,0
"1477",495.277,5444.208,0
"1478",495.03,5444.449,0
"1479",495.03,5444.691,0
"1480",494.536,5443.724,0
"1481",494.042,5442.758,0
"1482",494.042,5442.999,0
"1483",493.795,5442.274,0
"1484",498.451,5444.862,0
"1485",498.693,5444.862,0
"1486",499.176,5444.862,0
"1487",499.418,5444.862,0
"1488",499.66,5444.862,0
"1489",498.854,5440.491,0
"1490",499.348,5443.633,0
"1491",499.348,5440.008,0
"1492",499.595,5443.633,0
"1493",499.595,5443.391,0
"1494",499.842,5442.424,0
"1495",499.842,5442.183,0
"1496",497.635,5440.545,0
"1497",496.185,5441.286,0
"1498",496.185,5441.039,0
"1499",496.185,5440.792,0
"1500",495.943,5441.039,0
"1501",495.943,5440.792,0
"1502",495.701,5440.792,0
"1503",495.46,5440.792,0
"1504",495.46,5440.545,0
"1505",495.46,5440.298,0
"1506",494.976,5440.545,0
"1507",494.735,5440.545,0
"1508",494.493,5440.545,0
"1509",494.01,5441.78,0
"1510",494.01,5441.533,0
"1511",494.01,5440.051,0
"1512",493.768,5442.027,0
"1513",493.768,5441.78,0
"1514",493.768,5441.533,0
"1515",493.768,5440.792,0
"1516",493.768,5440.298,0
"1517",493.526,5441.78,0
"1518",493.526,5441.286,0
"1519",493.526,5440.792,0
"1520",493.526,5440.051,0
"1521",493.285,5442.027,0
"1522",493.285,5441.286,0
"1523",493.285,5440.792,0
"1524",493.285,5440.545,0
"1525",493.043,5442.027,0
"1526",493.043,5441.78,0
"1527",493.043,5440.545,0
"1528",492.801,5442.027,0
"1529",492.801,5441.78,0
"1530",492.801,5440.298,0
"1531",492.56,5442.027,0
"1532",492.56,5441.78,0
"1533",492.56,5441.533,0
"1534",492.56,5440.298,0
"1535",495.771,5444.449,0
"1536",495.771,5444.691,0
"1537",495.277,5444.691,0
"1538",494.783,5444.933,0
"1539",494.536,5444.208,0
"1540",494.536,5444.691,0
"1541",494.536,5444.933,0
"1542",494.289,5443.241,0
"1543",494.289,5443.483,0
"1544",494.289,5443.724,0
"1545",494.289,5444.691,0
"1546",494.042,5442.516,0
"1547",494.042,5443.241,0
"1548",493.795,5442.516,0
"1549",493.795,5442.758,0
"1550",493.795,5443.241,0
"1551",493.548,5442.274,0
"1552",493.548,5442.516,0
"1553",493.301,5442.274,0
"1554",493.301,5442.516,0
"1555",493.054,5442.274,0
"1556",493.054,5442.516,0
"1557",492.807,5442.274,0
"1558",492.56,5442.274,0
"1559",492.902,5442.042,0
"1560",493.352,5442.055,0
"1561",493.338,5442.47,0
"1562",492.746,5441.868,0
"1563",493.325,5441.989,0
"1564",496.434,5441.136,0
"1565",499.901,5444.121,0
"1566",499.901,5444.862,0
"1567",499.101,5440.249,0
"1568",499.101,5440.008,0
"1569",499.595,5443.874,0
"1570",499.595,5443.149,0
"1571",499.595,5442.908,0
"1572",499.842,5443.874,0
"1573",499.842,5443.633,0
"1574",499.842,5443.391,0
"1575",499.842,5443.149,0
"1576",499.842,5442.908,0
"1577",498.36,5440.051,0
"1578",498.118,5440.545,0
"1579",498.118,5440.298,0
"1580",498.118,5440.051,0
"1581",497.876,5440.545,0
"1582",497.876,5440.298,0
"1583",497.876,5440.051,0
"1584",497.635,5440.298,0
"1585",497.635,5440.051,0
"1586",497.393,5441.039,0
"1587",497.393,5440.792,0
"1588",497.393,5440.545,0
"1589",497.393,5440.298,0
"1590",497.393,5440.051,0
"1591",497.151,5441.039,0
"1592",497.151,5440.792,0
"1593",497.151,5440.545,0
"1594",497.151,5440.298,0
"1595",497.151,5440.051,0
"1596",496.91,5441.039,0
"1597",496.91,5440.792,0
"1598",496.91,5440.545,0
"1599",496.91,5440.298,0
"1600",496.91,5440.051,0
"1601",496.668,5441.286,0
"1602",496.668,5441.039,0
"1603",496.668,5440.792,0
"1604",496.668,5440.545,0
"1605",496.668,5440.298,0
"1606",496.668,5440.051,0
"1607",496.426,5441.039,0
"1608",496.426,5440.792,0
"1609",496.426,5440.545,0
"1610",496.426,5440.298,0
"1611",496.426,5440.051,0
"1612",496.185,5440.545,0
"1613",496.185,5440.298,0
"1614",496.185,5440.051,0
"1615",495.943,5440.545,0
"1616",495.943,5440.298,0
"1617",495.943,5440.051,0
"1618",495.701,5440.545,0
"1619",495.701,5440.298,0
"1620",495.701,5440.051,0
"1621",495.46,5440.051,0
"1622",495.218,5440.545,0
"1623",495.218,5440.298,0
"1624",495.218,5440.051,0
"1625",494.976,5440.298,0
"1626",494.976,5440.051,0
"1627",494.735,5440.298,0
"1628",494.735,5440.051,0
"1629",494.493,5440.298,0
"1630",494.493,5440.051,0
"1631",494.251,5440.298,0
"1632",494.251,5440.051,0
"1633",493.768,5441.286,0
"1634",493.768,5440.545,0
"1635",493.526,5441.533,0
"1636",493.526,5441.039,0
"1637",493.526,5440.545,0
"1638",493.526,5440.298,0
"1639",493.285,5441.78,0
"1640",493.285,5441.533,0
"1641",493.285,5441.039,0
"1642",493.285,5440.298,0
"1643",493.285,5440.051,0
"1644",493.043,5441.533,0
"1645",493.043,5441.286,0
"1646",493.043,5441.039,0
"1647",493.043,5440.792,0
"1648",493.043,5440.298,0
"1649",493.043,5440.051,0
"1650",492.801,5441.533,0
"1651",492.801,5441.286,0
"1652",492.801,5441.039,0
"1653",492.801,5440.792,0
"1654",492.801,5440.545,0
"1655",492.801,5440.051,0
"1656",492.56,5441.286,0
"1657",492.56,5441.039,0
"1658",492.56,5440.792,0
"1659",492.56,5440.545,0
"1660",492.56,5440.051,0
"1661",495.524,5444.691,0
"1662",495.524,5444.933,0
"1663",495.277,5444.933,0
"1664",495.03,5444.933,0
"1665",494.289,5443.966,0
"1666",494.289,5444.208,0
"1667",494.289,5444.449,0
"1668",494.289,5444.933,0
"1669",494.042,5443.483,0
"1670",494.042,5443.724,0
"1671",494.042,5443.966,0
"1672",494.042,5444.208,0
"1673",494.042,5444.449,0
"1674",494.042,5444.691,0
"1675",494.042,5444.933,0
"1676",493.795,5442.999,0
"1677",493.795,5443.483,0
"1678",493.795,5443.724,0
"1679",493.795,5443.966,0
"1680",493.795,5444.208,0
"1681",493.795,5444.449,0
"1682",493.795,5444.691,0
"1683",493.795,5444.933,0
"1684",493.548,5442.758,0
"1685",493.548,5442.999,0
"1686",493.548,5443.241,0
"1687",493.548,5443.483,0
"1688",493.548,5443.724,0
"1689",493.548,5443.966,0
"1690",493.548,5444.208,0
"1691",493.548,5444.449,0
"1692",493.548,5444.691,0
"1693",493.548,5444.933,0
"1694",493.301,5442.758,0
"1695",493.301,5442.999,0
"1696",493.301,5443.241,0
"1697",493.301,5443.483,0
"1698",493.301,5443.724,0
"1699",493.301,5443.966,0
"1700",493.301,5444.208,0
"1701",493.301,5444.449,0
"1702",493.301,5444.691,0
"1703",493.301,5444.933,0
"1704",493.054,5442.758,0
"1705",493.054,5442.999,0
"1706",493.054,5443.241,0
"1707",493.054,5443.483,0
"1708",493.054,5443.724,0
"1709",493.054,5443.966,0
"1710",493.054,5444.208,0
"1711",493.054,5444.449,0
"1712",493.054,5444.691,0
"1713",493.054,5444.933,0
"1714",492.807,5442.516,0
"1715",492.807,5442.758,0
"1716",492.807,5442.999,0
"1717",492.807,5443.241,0
"1718",492.807,5443.483,0
"1719",492.807,5443.724,0
"1720",492.807,5443.966,0
"1721",492.807,5444.208,0
"1722",492.807,5444.449,0
"1723",492.807,5444.691,0
"1724",492.807,5444.933,0
"1725",492.56,5442.516,0
"1726",492.56,5442.758,0
"1727",492.56,5442.999,0
"1728",492.56,5443.241,0
"1729",492.56,5443.483,0
"1730",492.56,5443.724,0
"1731",492.56,5443.966,0
"1732",492.56,5444.208,0
"1733",492.56,5444.449,0
"1734",492.56,5444.691,0
"1735",492.56,5444.933,0
"1736",492.065,5442.366,0
"1737",492.315,5442.366,0
"1738",492.065,5442.616,0
"1739",492.315,5442.616,0
"1740",492.065,5442.866,0
"1741",492.315,5442.866,0
"1742",492.065,5443.116,0
"1743",492.315,5443.116,0
"1744",492.065,5443.366,0
"1745",492.315,5443.366,0
"1746",492.065,5443.616,0
"1747",492.315,5443.616,0
"1748",492.065,5443.866,0
"1749",492.315,5443.866,0
"1750",492.439,5442.53,0
"1751",493.158,5442.654,0
"1752",493.046,5442.689,0
"1753",492.953,5442.768,0
"1754",492.864,5442.882,0
"1755",492.873,5442.932,0
"1756",492.778,5442.948,0
"1757",492.802,5443.118,0
"1758",492.663,5443.429,0
"1759",493.04,5443.594,0
"1760",493.379,5443.954,0
"1761",493.469,5444.276,0
"1762",493.445,5444.793,0
"1763",492.437,5442.508,0
"1764",492.958,5442.787,0
"1765",493.069,5443.621,0
"1766",493.39,5442.736,0
"1767",493.407,5443.957,0
"1768",494.954,5444.97,0
